{"cameraMode":{"drawMode":0,"name":"Shaded","section":"Shading Mode"},"sceneLighting":false,"audioPlay":false,"sceneViewState":{"showFog":true,"showMaterialUpdate":false,"showSkybox":true,"showFlares":true,"showImageEffects":true,"showParticleSystems":true},"in2DMode":false,"pivot":{"x":-0.25,"y":1.1000003814697266,"z":-0.23000000417232514},"rotation":{"x":0.05749935656785965,"y":-0.05060073733329773,"z":0.0028057927265763284,"w":0.9970998167991638},"size":0.5988858938217163,"orthographic":true}