{"cameraMode":{"drawMode":0,"name":"Shaded","section":"Shading Mode"},"sceneLighting":false,"audioPlay":false,"sceneViewState":{"showFog":true,"showMaterialUpdate":false,"showSkybox":true,"showFlares":true,"showImageEffects":true,"showParticleSystems":true},"in2DMode":false,"pivot":{"x":0.05401060730218887,"y":1.3265366554260255,"z":-0.1702481061220169},"rotation":{"x":-0.1584070771932602,"y":0.10324149578809738,"z":-0.016273286193609239,"w":-0.9819054007530212},"size":0.3798609972000122,"orthographic":false}