{"cameraMode":{"drawMode":0,"name":"Shaded","section":"Shading Mode"},"sceneLighting":false,"audioPlay":false,"sceneViewState":{"showFog":true,"showMaterialUpdate":false,"showSkybox":true,"showFlares":true,"showImageEffects":true,"showParticleSystems":true},"in2DMode":false,"pivot":{"x":-0.6250261664390564,"y":-0.22875872254371644,"z":5.0198140144348148},"rotation":{"x":0.09861979633569718,"y":-0.06622745841741562,"z":0.006577437277883291,"w":0.992903470993042},"size":15.466231346130371,"orthographic":false}