{"cameraMode":{"drawMode":0,"name":"Shaded","section":"Shading Mode"},"sceneLighting":false,"audioPlay":false,"sceneViewState":{"showFog":true,"showMaterialUpdate":false,"showSkybox":true,"showFlares":true,"showImageEffects":true,"showParticleSystems":true},"in2DMode":false,"pivot":{"x":-2.962186813354492,"y":0.8459004163742065,"z":-2.709075689315796},"rotation":{"x":0.06952586024999619,"y":-0.02514299750328064,"z":0.0016453928546980024,"w":0.9973182082176209},"size":8.154006004333496,"orthographic":true}