{"cameraMode":{"drawMode":0,"name":"Shaded","section":"Shading Mode"},"sceneLighting":false,"audioPlay":false,"sceneViewState":{"showFog":true,"showMaterialUpdate":false,"showSkybox":true,"showFlares":true,"showImageEffects":true,"showParticleSystems":true},"in2DMode":false,"pivot":{"x":-0.246211439371109,"y":0.5702300071716309,"z":3.5892410278320314},"rotation":{"x":0.011999662965536118,"y":-0.00510183721780777,"z":-0.00008487049490213394,"w":0.9999597072601318},"size":2.4316797256469728,"orthographic":false}