{"cameraMode":{"drawMode":0,"name":"Shaded","section":"Shading Mode"},"sceneLighting":false,"audioPlay":false,"sceneViewState":{"showFog":true,"showMaterialUpdate":false,"showSkybox":true,"showFlares":true,"showImageEffects":true,"showParticleSystems":true},"in2DMode":false,"pivot":{"x":-0.05316162109375,"y":1.37677001953125,"z":-0.283172607421875},"rotation":{"x":-0.19568631052970887,"y":0.6265116930007935,"z":-0.16692937910556794,"w":-0.7359650135040283},"size":0.22613662481307984,"orthographic":true}