{"cameraMode":{"drawMode":0,"name":"Shaded","section":"Shading Mode"},"sceneLighting":false,"audioPlay":false,"sceneViewState":{"showFog":true,"showMaterialUpdate":false,"showSkybox":true,"showFlares":true,"showImageEffects":true,"showParticleSystems":true},"in2DMode":false,"pivot":{"x":1.2070636749267579,"y":0.5805899500846863,"z":0.1788330078125},"rotation":{"x":0.21063517034053803,"y":-0.23913457989692689,"z":0.053227078169584277,"w":0.9463832974433899},"size":0.7256620526313782,"orthographic":false}