{"cameraMode":{"drawMode":0,"name":"Shaded","section":"Shading Mode"},"sceneLighting":false,"audioPlay":false,"sceneViewState":{"showFog":true,"showMaterialUpdate":false,"showSkybox":true,"showFlares":true,"showImageEffects":true,"showParticleSystems":true},"in2DMode":false,"pivot":{"x":1.0009229183197022,"y":1.1026357412338257,"z":1.1962887048721314},"rotation":{"x":-0.1282997876405716,"y":0.8676519989967346,"z":-0.38334304094314577,"w":-0.28985637426376345},"size":0.7933048009872437,"orthographic":true}