{"cameraMode":{"drawMode":0,"name":"Shaded","section":"Shading Mode"},"sceneLighting":false,"audioPlay":false,"sceneViewState":{"showFog":true,"showMaterialUpdate":false,"showSkybox":true,"showFlares":true,"showImageEffects":true,"showParticleSystems":true},"in2DMode":false,"pivot":{"x":0.5087890625,"y":0.4761962890625,"z":2.143280029296875},"rotation":{"x":0.17063859105110169,"y":-0.4030659794807434,"z":0.07652273774147034,"w":0.8959875702857971},"size":1.9795284271240235,"orthographic":true}