{"cameraMode":{"drawMode":0,"name":"Shaded","section":"Shading Mode"},"sceneLighting":false,"audioPlay":false,"sceneViewState":{"showFog":true,"showMaterialUpdate":false,"showSkybox":true,"showFlares":true,"showImageEffects":true,"showParticleSystems":true},"in2DMode":false,"pivot":{"x":0.08356679975986481,"y":1.3915824890136719,"z":-0.17403504252433778},"rotation":{"x":0.03500456362962723,"y":-0.6616509556770325,"z":-0.030576016753911973,"w":-0.748460590839386},"size":0.19321507215499879,"orthographic":false}