{"cameraMode":{"drawMode":0,"name":"Shaded","section":"Shading Mode"},"sceneLighting":false,"audioPlay":false,"sceneViewState":{"showFog":true,"showMaterialUpdate":false,"showSkybox":true,"showFlares":true,"showImageEffects":true,"showParticleSystems":true},"in2DMode":false,"pivot":{"x":0.8588510155677795,"y":0.9108090400695801,"z":3.583488941192627},"rotation":{"x":0.22678574919700623,"y":0.4642196595668793,"z":-0.12433271110057831,"w":0.8471530675888062},"size":0.16203036904335023,"orthographic":true}