{"cameraMode":{"drawMode":0,"name":"Shaded","section":"Shading Mode"},"sceneLighting":false,"audioPlay":false,"sceneViewState":{"showFog":true,"showMaterialUpdate":false,"showSkybox":true,"showFlares":true,"showImageEffects":true,"showParticleSystems":true},"in2DMode":false,"pivot":{"x":-2.618399143218994,"y":0.9662339091300964,"z":1.2879672050476075},"rotation":{"x":-0.10763414949178696,"y":0.8924619555473328,"z":-0.3101680874824524,"w":-0.30955180525779726},"size":1.033930778503418,"orthographic":false}