{"cameraMode":{"drawMode":0,"name":"Shaded","section":"Shading Mode"},"sceneLighting":false,"audioPlay":false,"sceneViewState":{"showFog":true,"showMaterialUpdate":false,"showSkybox":true,"showFlares":true,"showImageEffects":true,"showParticleSystems":true},"in2DMode":false,"pivot":{"x":-0.7584505677223206,"y":-1.5070990324020386,"z":3.247499465942383},"rotation":{"x":0.07697543501853943,"y":-0.03708944097161293,"z":0.002755069872364402,"w":0.996390163898468},"size":9.47232437133789,"orthographic":true}