{"cameraMode":{"drawMode":0,"name":"Shaded","section":"Shading Mode"},"sceneLighting":false,"audioPlay":false,"sceneViewState":{"showFog":true,"showMaterialUpdate":false,"showSkybox":true,"showFlares":true,"showImageEffects":true,"showParticleSystems":true},"in2DMode":false,"pivot":{"x":0.11563221365213394,"y":1.9694056510925294,"z":-0.06471216678619385},"rotation":{"x":0.30894336104393008,"y":0.013094499707221985,"z":-0.0043657622300088409,"w":0.9510350227355957},"size":2.2408835887908937,"orthographic":true}