{"cameraMode":{"drawMode":0,"name":"Shaded","section":"Shading Mode"},"sceneLighting":false,"audioPlay":false,"sceneViewState":{"showFog":true,"showMaterialUpdate":false,"showSkybox":true,"showFlares":true,"showImageEffects":true,"showParticleSystems":true},"in2DMode":false,"pivot":{"x":0.0010498324409127236,"y":1.0149599313735963,"z":1.2986944913864136},"rotation":{"x":-0.06086598336696625,"y":-0.012549643404781819,"z":0.0012424690648913384,"w":-0.9981600642204285},"size":1.2938331365585328,"orthographic":false}