{"cameraMode":{"drawMode":0,"name":"Shaded","section":"Shading Mode"},"sceneLighting":true,"audioPlay":false,"sceneViewState":{"showFog":true,"showMaterialUpdate":false,"showSkybox":true,"showFlares":true,"showImageEffects":true,"showParticleSystems":true},"in2DMode":false,"pivot":{"x":0.08241374045610428,"y":2.2696709632873537,"z":-2.2517611980438234},"rotation":{"x":-0.1441115140914917,"y":0.00028193628531880677,"z":-0.000025436294890823774,"w":-0.9896025657653809},"size":1.7118196487426758,"orthographic":false}