{"cameraMode":{"drawMode":0,"name":"Shaded","section":"Shading Mode"},"sceneLighting":false,"audioPlay":false,"sceneViewState":{"showFog":true,"showMaterialUpdate":false,"showSkybox":false,"showFlares":true,"showImageEffects":true,"showParticleSystems":true},"in2DMode":false,"pivot":{"x":0.00025540590286254883,"y":0.7987221479415894,"z":0.00971733033657074},"rotation":{"x":0.10240136086940766,"y":-0.023563021793961526,"z":0.0024257113691419365,"w":0.9944648742675781},"size":1.0647226572036744,"orthographic":false}