{"cameraMode":{"drawMode":0,"name":"Shaded","section":"Shading Mode"},"sceneLighting":true,"audioPlay":false,"sceneViewState":{"showFog":true,"showMaterialUpdate":false,"showSkybox":true,"showFlares":true,"showImageEffects":true,"showParticleSystems":true},"in2DMode":false,"pivot":{"x":843.0238037109375,"y":360.23553466796877,"z":104.75199890136719},"rotation":{"x":-0.017101669684052469,"y":0.030275361612439157,"z":-0.0005004018894396722,"w":-0.9994382858276367},"size":779.8228759765625,"orthographic":false}