{"cameraMode":{"drawMode":0,"name":"Shaded","section":"Shading Mode"},"sceneLighting":true,"audioPlay":false,"sceneViewState":{"showFog":true,"showMaterialUpdate":false,"showSkybox":true,"showFlares":true,"showImageEffects":true,"showParticleSystems":true},"in2DMode":false,"pivot":{"x":-1.25312077999115,"y":1.0291887521743775,"z":0.5915490388870239},"rotation":{"x":0.15268616378307343,"y":-0.6400617361068726,"z":0.1318202167749405,"w":0.741375207901001},"size":0.9459680914878845,"orthographic":false}