{"cameraMode":{"drawMode":0,"name":"Shaded","section":"Shading Mode"},"sceneLighting":true,"audioPlay":false,"sceneViewState":{"showFog":true,"showMaterialUpdate":false,"showSkybox":true,"showFlares":true,"showImageEffects":true,"showParticleSystems":true},"in2DMode":false,"pivot":{"x":0.07725542783737183,"y":1.3054237365722657,"z":3.382643222808838},"rotation":{"x":-0.07483223080635071,"y":0.9228473901748657,"z":-0.23515856266021729,"w":-0.2963024973869324},"size":0.17563335597515107,"orthographic":false}