{"cameraMode":{"drawMode":0,"name":"Shaded","section":"Shading Mode"},"sceneLighting":true,"audioPlay":false,"sceneViewState":{"showFog":true,"showMaterialUpdate":false,"showSkybox":true,"showFlares":true,"showImageEffects":true,"showParticleSystems":true},"in2DMode":false,"pivot":{"x":4.531775951385498,"y":-1.0137369632720948,"z":2.0922086238861086},"rotation":{"x":0.09552428126335144,"y":0.5586733222007752,"z":-0.06502498686313629,"w":0.8213531970977783},"size":2.852599620819092,"orthographic":false}