{"cameraMode":{"drawMode":0,"name":"Shaded","section":"Shading Mode"},"sceneLighting":true,"audioPlay":false,"sceneViewState":{"showFog":true,"showMaterialUpdate":false,"showSkybox":true,"showFlares":true,"showImageEffects":true,"showParticleSystems":true},"in2DMode":false,"pivot":{"x":-2.715319871902466,"y":2.713405132293701,"z":3.1433262825012209},"rotation":{"x":-0.27132439613342287,"y":0.016455136239528657,"z":-0.004639365244656801,"w":-0.9623368978500366},"size":1.5073950290679932,"orthographic":false}