{"cameraMode":{"drawMode":0,"name":"Shaded","section":"Shading Mode"},"sceneLighting":false,"audioPlay":false,"sceneViewState":{"showFog":true,"showMaterialUpdate":false,"showSkybox":false,"showFlares":true,"showImageEffects":true,"showParticleSystems":true},"in2DMode":false,"pivot":{"x":126.22967529296875,"y":169.93350219726563,"z":-0.550000011920929},"rotation":{"x":0.25651317834854128,"y":0.05389172211289406,"z":-0.01438817847520113,"w":0.9650128483772278},"size":211.6875762939453,"orthographic":false}