{"cameraMode":{"drawMode":0,"name":"Shaded","section":"Shading Mode"},"sceneLighting":true,"audioPlay":false,"sceneViewState":{"showFog":true,"showMaterialUpdate":false,"showSkybox":true,"showFlares":true,"showImageEffects":true,"showParticleSystems":true},"in2DMode":false,"pivot":{"x":-0.3168317377567291,"y":1.1452568769454957,"z":-0.1405462622642517},"rotation":{"x":0.34978917241096499,"y":0.010316749103367329,"z":-0.0032803223002701999,"w":0.9369142651557922},"size":0.4088677167892456,"orthographic":false}