{"cameraMode":{"drawMode":0,"name":"Shaded","section":"Shading Mode"},"sceneLighting":false,"audioPlay":false,"sceneViewState":{"showFog":true,"showMaterialUpdate":false,"showSkybox":false,"showFlares":true,"showImageEffects":true,"showParticleSystems":true},"in2DMode":false,"pivot":{"x":0.00025540590286254883,"y":0.7987221479415894,"z":0.00971733033657074},"rotation":{"x":0.11211351305246353,"y":0.6027059555053711,"z":-0.08528123050928116,"w":0.7856258153915405},"size":1.0647226572036744,"orthographic":false}